review_id,user_name,user_image_url,review_text,rating,thumbs_up,review_created_version,review_time,reply_text,reply_time,app_version
22b95dd1-0be6-45cf-9671-03b9cfa4c1f8,Vipul Kumar,https://play-lh.googleusercontent.com/a/ACg8ocJwh6ZZbqemPh1ZOl4_PdbslfGph7XRay_SgvOfDLgFSc7T9A=mo,good work,5,0,1.2025.350,2025-12-29 10:05:36,,,1.2025.350
9a412dc2-c80c-4b21-8841-a1d00e5b40db,Nilesh Sankpal,https://play-lh.googleusercontent.com/a/ACg8ocKRyWv-GLplDUpAJu6brp7UVSDUTuR5bX0CF6iooP2d0zkCyw=mo,Ok,5,0,1.2025.252,2025-12-29 10:05:11,,,1.2025.252
f914c946-b525-43d7-aefa-b6f1ac26c638,Gamachu Daba,https://play-lh.googleusercontent.com/a/ACg8ocIg-5qt7EiZRLLjWqTONdnBd2VS0mKRpu2dFtPsAStB3kQ3kw=mo,i love it,5,0,1.2025.140,2025-12-29 10:05:10,,,1.2025.140
2cbbd7fa-c16f-4b13-89ee-7042a145f60a,Babita Kashyap,https://play-lh.googleusercontent.com/a/ACg8ocLA4bEOWOzQYc1Fn_K8N4TUyb1pnMbFGiHaFPZOidGjOVh2yCI=mo,nice,5,0,1.2025.350,2025-12-29 10:04:49,,,1.2025.350
b642746d-1315-4fde-a77f-7d780436ac09,Virginia Kathii,https://play-lh.googleusercontent.com/a-/ALV-UjUzroRmc1PUXvia7ExjdCwXyT5g53IF9Ncyg-Y6Lc4BFRnY21LM,the best in getting all the answers for your questions,5,0,1.2025.350,2025-12-29 10:04:40,,,1.2025.350
9cd5e4f3-736d-4fe5-8ae2-5d3264f28f08,Abdul kaiyum Warsi,https://play-lh.googleusercontent.com/a/ACg8ocKI2rrsdqjFlM_uhp9QJk-Wcv8QXABJ_gA-6cdjLbmCP6o78A=mo,very good app üòÉ,5,0,1.2025.350,2025-12-29 10:04:31,,,1.2025.350
18e8109c-9f13-4a00-bfb9-8db0ea852cb2,Ankesh Khare,https://play-lh.googleusercontent.com/a-/ALV-UjX7q5WeqG1Ot6hpPsbpQkxX2quWvJvYAFiBnun41FK8dJHOkyIppg,good,5,0,1.2025.350,2025-12-29 10:04:30,,,1.2025.350
7edd3366-5ff6-4ee0-a13e-13c56527ca96,M Jnod,https://play-lh.googleusercontent.com/a/ACg8ocIC3OfOQXUq7QwvydZIzF8ifs-wOlGAB5OYiVBA47eJR0iTqA=mo,goooooooood,5,0,1.2025.350,2025-12-29 10:04:00,,,1.2025.350
59ddf5d5-0652-4747-8d2b-01148e0ac054,Suraj Rana,https://play-lh.googleusercontent.com/a/ACg8ocJxpybvqkvE1FnmT_Don3LmhpglHwlXeKn8kTiOqJJ61U5r6g=mo,good üòä,5,0,1.2025.350,2025-12-29 10:03:34,,,1.2025.350
0fd774d8-b436-4ea3-ab8b-9ab64bcb555a,Abdullah sikander,https://play-lh.googleusercontent.com/a/ACg8ocLZ1s_43ol_Wb9mWzr_KWzih8DmAO_jz-OL-jzsxVOrcr3_xg=mo,It's applicable and hmm..quite good,4,0,1.2025.350,2025-12-29 10:03:27,,,1.2025.350
dcb3e6bc-779e-4232-bc81-c4815d4296c4,Mpha City,https://play-lh.googleusercontent.com/a/ACg8ocKyWwuiPMxP43-8Egl5zlPvEHqihjhgetHu9gt6Ug4wKw8gMg=mo,Why limits of creating artworks,5,0,1.2025.350,2025-12-29 10:03:20,,,1.2025.350
b78c5dff-22ce-4297-b63b-6131ec051f0a,Kebiru Hassan,https://play-lh.googleusercontent.com/a/ACg8ocIueORKss6ykUBe5XO8BZG22X3Snea8F8RpUX6yquRYxhH3Kw=mo,it nice,5,0,,2025-12-29 10:01:58,,,
c979fd0b-db2b-4b9b-9ed4-5f507c8e6702,Deepak Singh,https://play-lh.googleusercontent.com/a-/ALV-UjUBPffeG3punE4S_jh3djyTvM5XIB2f_WxgNqEwwKpRqUW5a3jf,okk,3,0,1.2025.350,2025-12-29 10:01:50,,,1.2025.350
ce0d7004-981f-4ef5-882f-ab321b7160d4,Atul kumar Atul kumar,https://play-lh.googleusercontent.com/a-/ALV-UjW27T6ax6MPXbtSTtPbiPcDCQVZa83ZcUkEWUHp-vCA8aEF1z1F,best app,5,0,1.2025.350,2025-12-29 10:01:43,,,1.2025.350
b666e0ce-8855-425f-919b-5970fccd68b4,Abel Endashaw,https://play-lh.googleusercontent.com/a/ACg8ocIN0CXl8P64vAOagMAsyohmiIKLh9bnYSzdDeT9bpuGjFUBlg=mo,extremely full,5,0,1.2025.343,2025-12-29 10:01:18,,,1.2025.343
abf98055-d60b-4e07-9d4d-e668ff6c2319,Hawa Mahal Bangles,https://play-lh.googleusercontent.com/a-/ALV-UjVPELs_5-qcIirM6AUqke-3l7MKKWgzttRvkZGwzMTW1jO6nuc,voice assistant improvement please,5,0,1.2025.350,2025-12-29 09:59:39,,,1.2025.350
22107281-d9cd-4ff5-9ca9-e60e8bd61176,Krish Andy,https://play-lh.googleusercontent.com/a/ACg8ocKx0i8XzC4dgER9NL8YIgI_V0OFvZQSskh9vwk-YBTDg37_OQ=mo,e enjoy it,5,0,1.2025.210,2025-12-29 09:59:37,,,1.2025.210
735ed51d-b007-4012-bdb7-e513e0af922a,Sandeep Kumar,https://play-lh.googleusercontent.com/a-/ALV-UjWekxs5l97aTZ2cbiZscHCwoRl08Xx8uxk6S72oZAp4tUKAt10,love it,5,0,1.2025.350,2025-12-29 09:59:26,,,1.2025.350
81965ae5-4c61-40cf-a868-cdbffab91a30,Amarkv Kannur,https://play-lh.googleusercontent.com/a/ACg8ocKzrou_5v0XLr7T_83-UC49gZ4WjaEPBOiJbcJKR9GDoN-5=mo,‚ÄúGood AI app with a nice personality. It helps me create scripts and game add‚Äëons. I like the features and how easy it is to use.‚Äù,5,0,1.2025.350,2025-12-29 09:59:26,,,1.2025.350
db798f81-f358-4a4f-9b81-e25a7f3e1dc8,Akash Chauhan,https://play-lh.googleusercontent.com/a-/ALV-UjWg091HZ6KUEpPrPG5MdObp3TgIzk6d6-LXfmSiJzfBpUmdvPIhBQ,good,4,0,1.2025.350,2025-12-29 09:59:08,,,1.2025.350
5831058d-3eec-42b8-8306-1eb19837a874,Shehan Wijesekara,https://play-lh.googleusercontent.com/a/ACg8ocJ94b31-4115XQaC3dwqba4yMcEfRUihXBdal37WCI2xlxAfQ=mo,wow amazing app i love it üíê‚ú®Ô∏èüåé,5,0,1.2025.350,2025-12-29 09:59:08,,,1.2025.350
78877a58-672f-419f-baa3-498ab8d92b0b,daniel bassey,https://play-lh.googleusercontent.com/a/ACg8ocLI2t1JuQ3uGDehJNR3w3lC0JOzvxGGD4qpS4Nw8qrK2fHgVA=mo,"it's a multi popose app, it's do research and also communicate as a human robot making it easy to use.",4,0,1.2025.350,2025-12-29 09:58:41,,,1.2025.350
c54c05df-771d-4dc8-9776-be43866dccc8,Gopal Dhaka,https://play-lh.googleusercontent.com/a/ACg8ocITfkqhKjlmsQ-vw6fONmeuDxXYDRxJPjnd-s04UqlKy6WrDA=mo,nice app and helpfull app,5,0,1.2025.350,2025-12-29 09:58:40,,,1.2025.350
6de2cd07-b39b-4651-9a4e-17026b192a62,KMTLG entertainment,https://play-lh.googleusercontent.com/a/ACg8ocLcFw389bxyP2gP9liDaoLKNqdBUSK4mk6Pje6k6hVf52UTxA=mo,üëåüëå,5,0,1.2025.350,2025-12-29 09:57:46,,,1.2025.350
364dd832-01b5-4023-a4af-ba538f0131eb,Roli Saxena,https://play-lh.googleusercontent.com/a/ACg8ocKU6yXjWZjSZHpmN3mrlaK9aGQvKj_kBQCSFY8IhKaEPLuH_A=mo,happy,5,0,1.2025.350,2025-12-29 09:57:45,,,1.2025.350
a6f63f39-de18-4784-a402-1313226c3acf,Aftab Ali,https://play-lh.googleusercontent.com/a/ACg8ocITV9gAo9gYR0107SQwhr2u6xPRS_YCFQrn-6kUl_7dqEHNqQ=mo,bhoot acha laga mujy ap sa mil k mujy ik asa dost mil gya jisy ma shru din sa chahta tha,5,0,1.2025.350,2025-12-29 09:56:53,,,1.2025.350
09b814f1-4ae9-49e7-8b41-2811f6e85c54,GOLU,https://play-lh.googleusercontent.com/a/ACg8ocIltMHzn98D7uRr3XFQCSlaK6lHWefCQFG7eRtLebOqu0RugA=mo,good,3,0,1.2025.350,2025-12-29 09:56:41,,,1.2025.350
fa788ba8-9b03-4047-83d6-b9e95cceb589,John Highton,https://play-lh.googleusercontent.com/a/ACg8ocKOkM-oeEgV8VpVx8muSvC4cNBt1tmj7hHg2mqa3eA31Oi9_pU0=mo,useful tool,5,0,1.2025.350,2025-12-29 09:56:40,,,1.2025.350
e680db0b-207f-4303-a213-62cefbedc9ce,Sandrah Love,https://play-lh.googleusercontent.com/a/ACg8ocIjbrBOOdTRweoYvAB5OARlpEAz3HhImG_z9NKbxZ7td5a9sQ=mo,fun,5,0,,2025-12-29 09:56:20,,,
f071225d-1b79-45f6-8b13-492d02b972f9,Wempie joseph Vrede,https://play-lh.googleusercontent.com/a-/ALV-UjX7Zc1q37tgTHtGYxj2j3tZh7KsnPkX2Qil_hYLk1tR6Xugoz4,best thing that ever happened to and made my life easier..,5,0,1.2025.350,2025-12-29 09:54:17,,,1.2025.350
b357cb35-4e23-4587-ba2e-d0ef97e96e4c,martha mokgotho,https://play-lh.googleusercontent.com/a-/ALV-UjVVbFka2uGVQq_65WQ-OC0Kd3_TsR57A0L8nI8GyIkdyq3irvaW,awesome stuff,5,0,1.2025.350,2025-12-29 09:54:13,,,1.2025.350
1f2379b4-88c4-4b7f-95f2-e5be845dbb0f,rob mark,https://play-lh.googleusercontent.com/a-/ALV-UjXLLfKr-UM56WO3htP_Sp20UfYg14Y8E_f_rx3EW2Y5n8dPb_8FSg,"it is indoctrinated into left wing ideology for instance it cant draw a picture of anything that it has been told is ""hurtful"" such as a poor person. or a black thief. (its racist too)",2,0,1.2025.350,2025-12-29 09:54:07,,,1.2025.350
dbd26238-0cad-4c8f-bf39-d4cb82af0c1d,Dhananjay Bandewar,https://play-lh.googleusercontent.com/a/ACg8ocKe5CnJWzKBhslaONab6ljRCQQBNByf2puY-Ilcmfrt7IQZYw=mo,best ai,5,0,1.2025.350,2025-12-29 09:54:03,,,1.2025.350
b13c95ea-d373-4b33-8d18-81c642b0a01e,Udneshwar Kumar,https://play-lh.googleusercontent.com/a-/ALV-UjXreiUJxg2eClPkwQm6KEze3b3leW4EorfD5KA2mppLXQbl1-U,awesome üëå we solve maximum doubt in any field,5,0,1.2025.336,2025-12-29 09:53:55,,,1.2025.336
615a3f58-725f-42e5-86b9-f1de8e922ba8,Patel Khushi,https://play-lh.googleusercontent.com/a-/ALV-UjXCjU5TcAZ2xF-nhbprpTyRxhdfhNQCwFKMDlBSBVElRJpuaSPz,"ChatGPT is a very useful app,it helps a lot in everything but especially for studies. I am improving my studies with the help of ChatGPT.",5,0,1.2025.350,2025-12-29 09:53:44,,,1.2025.350
ad01f392-c234-4192-b400-e61b31d6f016,Rakesh Meghwal,https://play-lh.googleusercontent.com/a/ACg8ocI-3ZL3IldOo2MDRaWy44-6NETQVq6_hrz3N9pazgIxsCKyMA=mo,acha app,2,0,1.2025.350,2025-12-29 09:53:37,,,1.2025.350
a67afb1a-ed34-4d4a-9bb2-665dc151fdf3,Mohd Mustafa,https://play-lh.googleusercontent.com/a-/ALV-UjV06ppnLwQwM8IQXdEyfSA9mqTpjY1YYggDXHmTnR6u0Nc6Pe5P,good,5,0,1.2025.336,2025-12-29 09:53:16,,,1.2025.336
b1be8ee7-e2e8-4cea-8610-d66d8b5c40bb,Zain Zain,https://play-lh.googleusercontent.com/a-/ALV-UjW-r2r1NKLa9eYobqp0OyLnX6OBbH0X1rXbfu3XI72MxurEO4wq,exactly üíØ,5,0,1.2025.350,2025-12-29 09:53:13,,,1.2025.350
3e5965bc-ec5d-45be-9707-8d01e605c1d4,Geeta sabhani Sabhani,https://play-lh.googleusercontent.com/a/ACg8ocILym9fm3xZ60lnUTr04DbvtVK3cB2TeO0gwGDWWokfHpoKjg=mo,everything üëç good,4,0,1.2025.350,2025-12-29 09:52:49,,,1.2025.350
4f29091f-1708-4f73-8390-db015ad29a4e,LIZIYA,https://play-lh.googleusercontent.com/a-/ALV-UjWmEZJ9nSAwW867R6rv2eHd6Yx-Dly7kGHiapAFuARjmxiV_gcz,amazing,5,0,1.2025.350,2025-12-29 09:52:25,,,1.2025.350
0e45d17e-a224-4b8e-b21d-cdf7cf55cee1,Chris Attah,https://play-lh.googleusercontent.com/a/ACg8ocIdr8jpB7bk3jxMLXwIGJDvwlfhlsVQJgdsUZiJCPjc5uH8Tg=mo,educating,5,0,1.2025.336,2025-12-29 09:51:46,,,1.2025.336
1016f493-9ae5-4b5a-99f4-b005cb3b6396,DR LINk,https://play-lh.googleusercontent.com/a-/ALV-UjVjNzxTyPlyP2RObduFBFqPRnPv16DlTol8otvUFkMCiWvpWsyB,‡¶Ö‡¶∏‡¶æ‡¶ß‡¶æ‡¶∞‡¶£ ‡¶ï‡¶æ‡¶∞‡ßç‡¶Ø‡¶ï‡¶≤‡¶æ‡¶™ ‡¶∏‡ßá‡¶ü ‡¶ï‡¶∞‡ßá ‡¶Ö‡¶®‡ßá‡¶ï ‡¶≠‡¶æ‡¶≤‡ßã ‡¶≤‡¶æ‡¶ó‡¶≤‡ßãüëçüëçüëçüëç,5,0,,2025-12-29 09:50:27,,,
72844dc5-ce32-4314-a239-b0a7da588e85,Tharun Prashan,https://play-lh.googleusercontent.com/a-/ALV-UjVxMVE7o5FajsKB7ogrs6ADxlgySCmmgaX2aJfCbS1W7fJVYg0,Great App. Its Usefull for so many works. Best AI app i have ever used. But please Improve the knowledge on Tamil Language it would be really really Very much helpful,5,0,1.2025.350,2025-12-29 09:48:51,,,1.2025.350
cc8006b6-7936-47b2-b1ef-5e68430db544,Ziddan Ziddu,https://play-lh.googleusercontent.com/a/ACg8ocIaTXAXrKozRR8A0IQ3gkeoF3mS1xJJXkOgdpOIP6EcU2zq7w=mo,exallant,5,0,1.2025.336,2025-12-29 09:47:49,,,1.2025.336
6764506b-6cea-4c10-9006-9fa4ff9f5ea6,manoj choudhary,https://play-lh.googleusercontent.com/a-/ALV-UjUxbu2T07uLBZUm0dxbf-gA8WpMjKXa3unTelOGcpyQe994JT7z,very good,5,0,1.2025.350,2025-12-29 09:45:20,,,1.2025.350
8c3343a0-cf13-40e9-af7a-09d707f83b25,Samisa Ashe,https://play-lh.googleusercontent.com/a/ACg8ocIdFPwsdEiKCGAOgaPGHP39OGY5rAxwywhBsHuE0hJNgk5gDg=mo,good,5,0,1.2025.350,2025-12-29 09:45:08,,,1.2025.350
10023b05-8e21-48c5-b05e-2a3d866c0e13,Samina rehmat,https://play-lh.googleusercontent.com/a/ACg8ocJY_J8MwXpQlEtMT8z_EZeQvd-qfzTBjA9wtmUQ_-7zArjSeg=mo,very good,5,0,,2025-12-29 09:44:56,,,
a4923a69-9a4f-4558-93c6-eba4f277eeaa,Uzma Koser,https://play-lh.googleusercontent.com/a-/ALV-UjXD6N1ae-mi7ntcg9e0KYuUSFyeBHvXNGMEH_QhoAuEManTeDo,very nice üëçüôÇ,5,0,1.2025.350,2025-12-29 09:43:52,,,1.2025.350
0dbed294-2c7d-40a1-a106-477131107050,Ajith Kumaranayaka,https://play-lh.googleusercontent.com/a/ACg8ocI9NzlmK2Ue1ai6eQex4lPbikRR-I0Fak27IWRPTrbnt1di0g=mo,very good and super phofomence,2,0,1.2025.350,2025-12-29 09:43:47,,,1.2025.350
f699fdac-0722-4cb7-bb44-8e64289bf11f,Subarna Devi,https://play-lh.googleusercontent.com/a/ACg8ocJ9QQ473k1HpkqnS-sQ-HYUwPLFTV4-8vl2Nf-m5H64_j8E-A=mo,good,4,0,1.2025.343,2025-12-29 09:42:38,,,1.2025.343
87e26b2c-b8c3-4289-b1e9-6d0a2f6affd0,JEANELLE PHILIP,https://play-lh.googleusercontent.com/a-/ALV-UjWNLHDIrOm4gFni9wHVQl6N6EL7US_MQ3Wfqh0ePAa6ZQ8kJV5G,"wonderful app, love it!",5,0,1.2025.350,2025-12-29 09:42:37,,,1.2025.350
7385b5ac-b131-406c-8c1d-121f768a4944,USMAN MUHAMMAD ABUBAKAR,https://play-lh.googleusercontent.com/a-/ALV-UjUOn8ayiL4JEkA3-n4m8rUWFzOBTscBp6og3ScpehdGJDcAH0M,"The greatest of all timeüòç If you were a footballer, you are MessiüòçüíØ",5,0,1.2025.343,2025-12-29 09:42:03,,,1.2025.343
9080fd7c-d8f8-4d0a-9523-21d3e933d523,Karan Mirdha,https://play-lh.googleusercontent.com/a-/ALV-UjW2HmZmf6ZDbQWaajaa9OsnKXjbRxLsm3_gZnrvfQtykj6IINQ,good üëç,5,0,1.2025.350,2025-12-29 09:42:02,,,1.2025.350
c0d3e326-5b07-4b28-aaef-b57a3eb024a3,SNEH SHARMA,https://play-lh.googleusercontent.com/a-/ALV-UjVKfoGZCxV3un64fjGaq-zwaM0QAwsL5yjeLZ_WQa-kxfdOHsWG,It's really helpful and we can meet our all needs related to study over here.,5,0,1.2025.350,2025-12-29 09:41:59,,,1.2025.350
a816d4fa-ec26-4e57-ae97-deb0a60574a3,Ronny Kumar,https://play-lh.googleusercontent.com/a/ACg8ocLfSwac_2E_HC4eL4Fg3ebXolDQu2WpA_slyk6ZBM4vrVB2kA=mo,good,5,0,1.2025.350,2025-12-29 09:41:52,,,1.2025.350
b69ea5e2-fa4e-4afb-b0af-b4254e7a4ab2,Sajib Bora,https://play-lh.googleusercontent.com/a/ACg8ocK4CX_MwhashLmDek4Oi3seW1lenEK7ORMawy_fIoA4dXttDw=mo,it is very helpful and usefull,5,0,1.2025.350,2025-12-29 09:41:36,,,1.2025.350
dbe70615-c4b1-489b-9a69-7864997f74c2,Khant Min Khon,https://play-lh.googleusercontent.com/a/ACg8ocIEynwp-AXeCJF8Hr7pQWiRbDew8VNmLx6m_f28IUY0RQwrqg=mo,Nice good üëç,5,0,1.2025.350,2025-12-29 09:39:54,,,1.2025.350
79aeeff5-a415-40dc-a80a-25d09c41c2ef,chandra sekhar Gujjala,https://play-lh.googleusercontent.com/a-/ALV-UjUx5i0k7ggi9mbCpJCa0GNq8DDTvDXjJXbl2IPU5kEDucA_CxOS,very good,5,0,1.2025.350,2025-12-29 09:39:50,,,1.2025.350
b1180973-c1f0-4b47-94f1-ed758db1da4c,Aniket Kamble,https://play-lh.googleusercontent.com/a/ACg8ocLiKG68cB-C-nkM1HR9wRlNkFjFkuq9Dtssr1839cJUKJiMlQ=mo,best,5,0,1.2025.350,2025-12-29 09:39:47,,,1.2025.350
73836ba4-5934-4cae-a179-37fe9777a76d,Avikshith,https://play-lh.googleusercontent.com/a-/ALV-UjUF8KZM5d9ol8HPwf23clkd81HfTv2vCg7KzICFUJ9qAXHpsA,Its very useful,5,0,1.2025.350,2025-12-29 09:39:32,,,1.2025.350
3c13329d-b6cb-4738-af81-596e2608eaea,Tanzil Shaikh,https://play-lh.googleusercontent.com/a/ACg8ocKQjLGxYomI7AtUL8TC5hdfprB-JnsEkSOpH2xOTGo1dCn5Xw=mo,very important,4,0,1.2025.350,2025-12-29 09:39:12,,,1.2025.350
bfc89188-7e36-4d80-bc1c-caf3895b877b,Kamal Kant,https://play-lh.googleusercontent.com/a-/ALV-UjUWeNNcx5MxBmTNMOS-mQIqYTiTK-WUknJy5lChBSSaThFnxMA,ü•∞ü•∞üëç,5,0,1.2025.350,2025-12-29 09:39:11,,,1.2025.350
cb71b2d2-de15-484d-ad15-4abd34442391,Mishthi Goel,https://play-lh.googleusercontent.com/a/ACg8ocK_GCXRbA8f7SZpgOAdW9luPb2QjgOAJOHZB0y7JN-cQibS9A=mo,meowmeowmeow,3,0,1.2025.350,2025-12-29 09:38:47,,,1.2025.350
7148b0cb-93c1-460c-b9aa-b46ee121ccbc,PRAVEEN KUMAR MISHRA (Pt. RUDRA PRATAP MISHRA),https://play-lh.googleusercontent.com/a-/ALV-UjU2QI-GE5eMGbWJz2jIltLZS2ofJzhSnj1Dh01BIsHCX5ksvdIT,Good,5,0,1.2025.350,2025-12-29 09:38:24,,,1.2025.350
20e767fd-7136-4a18-bc11-dd7dfb86ff6e,Kanav nirwan,https://play-lh.googleusercontent.com/a-/ALV-UjUYmtP22u54uRqOMXyyZs-InZkmOLJSB5766pFgQ0QbfyKNC9Rw,best app üíØüíØüíØüíØüíØüíØ,5,0,,2025-12-29 09:37:56,,,
9f11f145-567f-452a-aff3-38e7321224b0,Lumala Abdulhakiim Kigyakuggwa,https://play-lh.googleusercontent.com/a/ACg8ocLKVDZwlt-iq8qLhUZpA3qgighq5AR2s62u_B-Ixin8lFj2nw=mo,good,5,0,1.2025.350,2025-12-29 09:37:12,,,1.2025.350
4d4c1e7c-600b-486a-bc3a-3948ad4cdd33,Evena Ghimire,https://play-lh.googleusercontent.com/a/ACg8ocLUJc9il5PWQaND2rOympO1sdSTYGNoXbkz0eacR10SGdEJUQ=mo,you are the bestttt,5,0,1.2025.350,2025-12-29 09:36:33,,,1.2025.350
6b3439d9-1f77-41ab-994b-3605d13042b4,Rafsan Jani,https://play-lh.googleusercontent.com/a-/ALV-UjUVpyfehTEUo7sR9fmpAp1Vd9y_dnMkwdtKk4MaABJqylNt23yK,very dangerous and harmful for Muslim i Said make suratul mulk that think made for me but use shortcut i mean it skip line and i ask you make some wrong line it told sorry that's all. like seriously islam is not fun right,5,0,1.2025.350,2025-12-29 09:36:24,,,1.2025.350
630e0525-0c57-4ce9-883e-7353f1dc26e6,Akshata Pawar,https://play-lh.googleusercontent.com/a-/ALV-UjUh-Nn273YorBk4G4Y2JkI-JaSgdRv8vc7G1lKSToOUz5_b0Os,best,5,0,1.2025.343,2025-12-29 09:36:00,,,1.2025.343
5d69cf4b-6467-435a-9d4a-895233ae1132,Shubh Rathod,https://play-lh.googleusercontent.com/a/ACg8ocKUN1ZDN7oFell_-Hw-ay1sMlz94VzLPB5kSZipMce7PFqkzg=mo,it is. a helpful app üòçüòçüòçüòçüòç,5,0,,2025-12-29 09:35:57,,,
75010a34-5ac0-4b5a-acbf-f0841e4f3d14,Izumi,https://play-lh.googleusercontent.com/a-/ALV-UjUyR0ikx8THQN4CXuT3x4wZeDzo-NSJkOf0C5DbwWwziTCmFto,"I'm even more appreciative of ChatGPT's professional mode because it's an incredible AI app. This AI app is fantastic for teenagers and their future plans, as well as a fantastic and motivating colleague to support you in your future endeavors, etc.",5,0,,2025-12-29 09:35:54,,,
a038bffb-0104-49c4-ab2d-57469229a668,Sunil Bhosale,https://play-lh.googleusercontent.com/a-/ALV-UjWOIdtzQf92HS5XzQ1ZrcKLqjWHectOm4iGTlyrzOn_nRH3QKNl,very useful and best app,4,0,1.2025.350,2025-12-29 09:35:20,,,1.2025.350
c00e86c2-bf9d-4894-9db1-4c5f41f418b5,Karthikraj,https://play-lh.googleusercontent.com/a/ACg8ocJwCoBiiN-gwSjE1LlG0BZHmGRFZ82HB0H9dbBvVw9YFemG2w=mo,very good,4,0,1.2025.350,2025-12-29 09:34:27,,,1.2025.350
70a19123-30a5-4fa7-8c33-fc2ccb5a5a04,Aravind Jo,https://play-lh.googleusercontent.com/a/ACg8ocKgcjLgP_Z3EftlgwluHm5RjNx0I7HOktmTcJQIBmlH1uv3wTI=mo,good,5,0,1.2025.343,2025-12-29 09:34:22,,,1.2025.343
efa448a3-66a2-462c-b4c4-70f0a60b89e6,Ayesha Aeram,https://play-lh.googleusercontent.com/a-/ALV-UjUs-3QQ9m0-1hyQYBvFBIgb1kRVn6DwXV54GW46SlwxI2INuiA,totally good üëç aap it's very useful for any topic of discussion with students study's,5,0,1.2025.350,2025-12-29 09:34:17,,,1.2025.350
1b8b66ed-374e-41c4-be76-3684b45f6690,Min Khant,https://play-lh.googleusercontent.com/a/ACg8ocLxfg-CV5-zpDdq5JLVLMUKe9Cz0DcZqxydbdbo1PA7uwtKmA=mo,Nice,5,0,1.2025.350,2025-12-29 09:34:03,,,1.2025.350
6ea1e5bd-6498-4140-b55c-82b2f29d1569,Asmita Kunwar,https://play-lh.googleusercontent.com/a/ACg8ocK9rgD-Y45hmSgWb6R8PFAvQ2FkHxR4bA5xOJWZ5LDcEUCMQQ=mo,‚ô•Ô∏è,3,0,1.2025.350,2025-12-29 09:33:29,,,1.2025.350
e90768f3-dd24-4fce-b9fc-ffd30354172a,moto hacker,https://play-lh.googleusercontent.com/a/ACg8ocLOYiaY3fl9ac_-glyvkmIaorcnhpho_2tZRGz-MXpM4mHaBg=mo,good,4,0,1.2025.245,2025-12-29 09:33:22,,,1.2025.245
e94be0d8-4f1d-4a2a-adef-aa78af466f1c,Nelly Steve,https://play-lh.googleusercontent.com/a-/ALV-UjWYspQW1ta_NkCj4va5-YpsigTe2T2RmIF-kUNArDoIwPQdc_TawQ,I love it,5,0,1.2025.350,2025-12-29 09:32:55,,,1.2025.350
59a1c098-c463-4e5f-b44b-0923dc93d2c3,kajal rathore,https://play-lh.googleusercontent.com/a/ACg8ocITxjyry5DC4GqrT8zAQ63_ROPpZ6sjmW7BdfUlXyb1vIe_qQ=mo,Good üòä,5,0,1.2025.350,2025-12-29 09:32:49,,,1.2025.350
236e235c-d1dd-4fb5-8cb3-64108e752a0d,Amanda Ndaba,https://play-lh.googleusercontent.com/a/ACg8ocKubURqSpAToUodCh5DaJqPUjwnS0WqtXNwrNnkLPnI-a-9aA=mo,nice,5,0,1.2025.350,2025-12-29 09:32:48,,,1.2025.350
5e22e2fc-1481-4a8f-a9ec-984e80bb91ae,Hk HRidoy,https://play-lh.googleusercontent.com/a/ACg8ocKslEZ0qrMt-5IbSePDQJst5oVjdBqkrd0eVBQCV_A0fnf8qg=mo,ChatGpt‚ùå chatergpt‚úÖ,2,0,1.2025.343,2025-12-29 09:31:43,,,1.2025.343
08b3c965-df2e-4535-83be-bd70d05acb0a,Elina,https://play-lh.googleusercontent.com/a/ACg8ocLNzgE39b974XbQ11Oe0udss73myF3V5DVot7TUYkctydO6zg=mo,üëçüèª,5,0,1.2025.350,2025-12-29 09:31:33,,,1.2025.350
c829938b-c972-4835-af88-f952ece41b26,kaif Qureshi,https://play-lh.googleusercontent.com/a-/ALV-UjXKKqtdr01DDbz4bw-txT6aKpJlkrIMT1_x8hCneAHV2llkbrrG,nice,5,0,1.2025.350,2025-12-29 09:30:56,,,1.2025.350
c8fcc5e8-a196-4284-b85c-fc81bf949035,Sneha Waghmare,https://play-lh.googleusercontent.com/a/ACg8ocKZ8CB0QNRGpJXMbQG-Ji7OtKP7xu4pTxtx1w8bXaUmvr4cow=mo,üëåüëåüëåüëçüëç,5,0,1.2025.329,2025-12-29 09:30:02,,,1.2025.329
b76fb21d-e10e-4176-ac60-17777c53912c,min kha,https://play-lh.googleusercontent.com/a-/ALV-UjX6a0G5J66KCagfPFD7xtzo3H9VXTpqyGc-q3OlZVi5nnrEkZMG,good application,4,0,1.2025.350,2025-12-29 09:29:43,,,1.2025.350
90402283-0cd9-4600-886e-5d2f3e67d67e,Md Jahir,https://play-lh.googleusercontent.com/a-/ALV-UjVVKBRQT96E6lQ3VEuIcyxrQXBEgjL2tplnn8UQfnvdnMjLh3s,nice,5,0,1.2025.350,2025-12-29 09:28:55,,,1.2025.350
39a10428-2d25-4f1f-8e3d-baa23807d0e9,Gayatri Krishna,https://play-lh.googleusercontent.com/a/ACg8ocJbuuQMECgGhxuE2y0JyvI6wGLpZvKlNMIGn68Usmk5u3cDkN1A=mo,"image processing never goes well, heck I'll prolly have it loaded in next life. please fix it.",1,0,1.2025.350,2025-12-29 09:28:37,,,1.2025.350
88fa9a51-96da-4dbd-9c9a-94337202b6ab,ARPITA MONDAL,https://play-lh.googleusercontent.com/a-/ALV-UjWFdrQ0Jjk9Qw-Ut97B7tspsV6S-OBDycJqXY6E8_DiRLxQLYRG,Best app,5,0,1.2025.350,2025-12-29 09:28:12,,,1.2025.350
4e1cbb1e-98ec-470b-9525-a65e0dd8c6b3,Mohammad Mohammad Zakir,https://play-lh.googleusercontent.com/a/ACg8ocKDiUKNk_GvW36LzZNivNT-CFCXCEgJjAgVyzXrMMUtJ_qZvg=mo,v. v. v. v. goodüëçüëçüëçüëçüëçüëçüëçüëçüëçüëçüëçüëçüëçüëçüëçüëç,5,0,1.2025.350,2025-12-29 09:27:57,,,1.2025.350
671b0eb1-1b4e-4e4b-9878-458a73c1b4ea,DJ Rowe,https://play-lh.googleusercontent.com/a-/ALV-UjU9IcNV7GHqJpYv91NnxKTUufbCV9BTD44TqyrCVygSOBSqmXrx,‚ô°,5,0,1.2025.350,2025-12-29 09:27:48,,,1.2025.350
681e439d-b8d0-4fa9-ae8c-c63be28123e1,Shubham Singh,https://play-lh.googleusercontent.com/a-/ALV-UjX0zMhmitRi2xMwEGkgU91IKW_BYVL7VDbxoOFqvGWCQ14LOJ_h,ok,4,0,1.2025.302,2025-12-29 09:27:26,,,1.2025.302
166e39a3-3218-444e-824c-df2f55236ee5,Nzanza Joao,https://play-lh.googleusercontent.com/a-/ALV-UjUBCSq_CQvnb9VsvAFaq98dFek_tLbjNxTVnrO6vQt2tzkS34nc,good,5,0,1.2025.350,2025-12-29 09:27:17,,,1.2025.350
8f43436a-640a-484f-aa5f-7ad80ccd2e19,ganesh Telang,https://play-lh.googleusercontent.com/a-/ALV-UjU2uTDJAzECIf1dI97_Y4E1lTpIo8VlT_CUz5MaTRifiP4csaY-,good,5,0,1.2025.350,2025-12-29 09:26:43,,,1.2025.350
ff0b7935-b762-4369-9bd4-7c40e154b764,Evan Eddie,https://play-lh.googleusercontent.com/a/ACg8ocJibtCk2Z2khDjZByzfUiRVoq9d3ubaPIHHmZrHZ6E8Y-vxeQ=mo,good,5,0,1.2025.350,2025-12-29 09:26:36,,,1.2025.350
bb560bb1-d3ff-45e9-bbc1-de6be57145b1,Zeeshan Zeeshan khan,https://play-lh.googleusercontent.com/a-/ALV-UjVzt36gr306GvvModQByQYTbu8DuQe8lOJ1_maPYgMwY6M74YZ1,best,5,0,1.2025.350,2025-12-29 09:26:29,,,1.2025.350
09b1f080-0160-4c15-a5f1-8a39b15bc726,Ratna Sarkar,https://play-lh.googleusercontent.com/a/ACg8ocLCVMhvme68qmP5oaBIXo5yjokafLAbseYLkD7CsPn_zOR9wg=mo,nice,5,0,1.2025.245,2025-12-29 09:26:15,,,1.2025.245
8843f8f9-0451-4638-aac5-60518a158bf0,Himanshu Kumar,https://play-lh.googleusercontent.com/a/ACg8ocJUvQRYo3nY5kvsMF65DSG99hgZozrmzk_YlZK5rcFicGeqMA=mo,great,5,0,1.2025.350,2025-12-29 09:26:05,,,1.2025.350
5c5a1545-d225-4967-a579-b065d29ff8aa,Md afjal,https://play-lh.googleusercontent.com/a-/ALV-UjVbPfxg3zcbxZUZDuf6zv1f_L26Fo27sHls7I9w5Ru1ZotqNVc,Md Afjal Hussain ü•∞üß≥üß≥üß≥üß≥ 0,5,0,1.2025.350,2025-12-29 09:25:52,,,1.2025.350
19ddae16-ca2d-4383-9009-cd2524806dc6,Sangeeth Viswanatha,https://play-lh.googleusercontent.com/a-/ALV-UjUJ_Utjtn-zdXUacedzDoARKUNP7hL5SrydvZAoLqUxueJ57ok,super o,4,0,1.2025.350,2025-12-29 09:25:11,,,1.2025.350
c2993d6d-1f7f-49a9-b979-4b5d210530d9,Sana Asad,https://play-lh.googleusercontent.com/a/ACg8ocKzWQCY5ug5bWI0gbm-mzje35iSDD_F6OHX4cz_PbEIoF6WIg=mo,that's good app,5,0,1.2025.350,2025-12-29 09:25:05,,,1.2025.350
ef5c25a6-48d0-40bc-a21c-92a3bc99db47,Yadav Dinbandhu,https://play-lh.googleusercontent.com/a-/ALV-UjVS5O-v2Mrl6f0294QEz_akJfBx6dCNiglshqvehj-9xpHBD_IH,i love it üíñ,5,0,1.2025.350,2025-12-29 09:24:15,,,1.2025.350
8729b9e7-1911-4b8c-940c-35a4c5b598cf,Manu D,https://play-lh.googleusercontent.com/a-/ALV-UjUzn3rtCjk7K6QEbOOZVIKC0Ao2yQqtxf1j_hLVBnBjj4gwVAfsPA,Good,5,0,1.2025.350,2025-12-29 09:23:59,,,1.2025.350
50bcb2bc-e46a-433e-897c-da41e8ddc8e5,Sadek Mastan,https://play-lh.googleusercontent.com/a/ACg8ocJ92Xarp9Pcs9bf0tBZ5ytj__xNhz1XIQARtLaKfP5Tblb1PA=mo,nice,5,0,1.2025.350,2025-12-29 09:23:51,,,1.2025.350
357d2ba4-46a8-4331-b746-310a98b5cc88,M Kashif,https://play-lh.googleusercontent.com/a/ACg8ocJ0UemOk704MJT2TsEjcVckl4x65x-5WU5lIxR8Chi8wM7BIw=mo,Good,5,0,1.2025.343,2025-12-29 09:23:06,,,1.2025.343
e02a0e67-b35f-4fb0-91af-650746afc1ee,gayasuddin Manihar,https://play-lh.googleusercontent.com/a/ACg8ocLo50Kz6XRJTpJy1TyT_ekHaGV45471fz9KtriC1eldfMbwPpU=mo,that' good,5,0,1.2025.350,2025-12-29 09:22:44,,,1.2025.350
b1911322-8705-45f0-af0b-d724a385faee,Artin Rafiee,https://play-lh.googleusercontent.com/a-/ALV-UjUQkzATSB-gsY5EKeQLD9UcpfOEmN8lxsVnss6i_cZI3wF1WmXx,good üëç,5,0,1.2025.350,2025-12-29 09:22:28,,,1.2025.350
babf86b6-1699-4acd-a57f-617865aafdfd,Shailashree M,https://play-lh.googleusercontent.com/a/ACg8ocJ5WNBC6OYYe2vnXoVAenXA016z4n9p82_Ey6zHaiP6aW9Eivk=mo,Thank you,5,0,1.2025.336,2025-12-29 09:22:10,,,1.2025.336
e753b828-21e8-4545-a7b3-13849070e859,PUNNIYARAJ SUBARAJ Subaraj,https://play-lh.googleusercontent.com/a-/ALV-UjXObVCMbHMryoArFez6sFh6BT6aGUMZVEnS4fQwSf7OKCTxF3ZC,very good,5,0,1.2025.350,2025-12-29 09:21:44,,,1.2025.350
dba3ccc5-d577-4bbe-9150-9c5b2c23e43e,Ishit Bhatti,https://play-lh.googleusercontent.com/a/ACg8ocIEWIfzND2aXLsVI5Q-NxjDqN01u5iumIDQl2Rb_76Upn_gpw=mo,this tool is very helpful and good for any suggestions and right üëç,5,0,1.2025.350,2025-12-29 09:21:23,,,1.2025.350
337570dd-7e42-4e21-ad05-48e36afef756,Anil kumar Anil kumar,https://play-lh.googleusercontent.com/a-/ALV-UjX-8EX4K44CWwVgXn9KhXxu8Z3GGM0o2tgoYejiFhp41YoKCFx-,very nice,5,0,1.2025.350,2025-12-29 09:20:54,,,1.2025.350
d2f1c7ee-d2ce-49e6-b493-23f247f07f07,Bidyut Deka,https://play-lh.googleusercontent.com/a/ACg8ocJ4e8SAN02t_Qq7dBDaaC82Uz3sslBFVVMPkzpMiYUrTFkrEA=mo,good,5,0,1.2025.350,2025-12-29 09:20:37,,,1.2025.350
42d6dee3-213e-4945-a62b-2f838ef7f845,Sanjeev Chougule,https://play-lh.googleusercontent.com/a-/ALV-UjW3kWaYql6RLHeJujaQIJVL7p7sq9TS0IKoM1v560h84t6VL1VV,very nice,5,0,1.2025.350,2025-12-29 09:20:26,,,1.2025.350
23403801-e5e7-44f0-9afc-7bf87c609268,Hamza Hadi,https://play-lh.googleusercontent.com/a/ACg8ocJCwJnrk0_2Pitmke84Qppr_aeAuBZdOiCR-SvJp9J4P02Y6w=mo,very nice application I luv itüíö,3,0,1.2025.350,2025-12-29 09:18:58,,,1.2025.350
c032b6ad-2404-48e7-81c6-c4ffe05bc5f6,Mohamad ebrahimiyan,https://play-lh.googleusercontent.com/a/ACg8ocLBTovm6jJ3OqvyWzqXC1D_4QfS3vM83A8APLgTEk_1E_Lp4Q=mo,üòÄ,5,0,1.2025.350,2025-12-29 09:18:25,,,1.2025.350
d172bb71-512c-4aa1-a636-d135515ca10a,Aman,https://play-lh.googleusercontent.com/a/ACg8ocInejiU-7IiWFiVjm5QQ9BIr9Rjxd0C5nzVahbI4Eca52hfSg=mo,thanks for your help ‚ô•Ô∏è,4,0,1.2025.350,2025-12-29 09:18:05,,,1.2025.350
0e2ca403-7d57-4c14-a0ab-ea4db7f17b21,Chab BroshPenh1,https://play-lh.googleusercontent.com/a/ACg8ocKLwS2D_stbYesrQSW5DPpiKkMcyxKkmgqM3a-Wo_Jy1rEVqg=mo,I like this AI Assistant App. It's awesome.,5,0,1.2025.350,2025-12-29 09:17:45,,,1.2025.350
8c61447f-dbb0-40fb-80af-40f73903f315,Charl Malume,https://play-lh.googleusercontent.com/a/ACg8ocK7_JHrm3L1gJsgaRAJ2yRuTr8eAo6a2iuTzqDUWegUNKqTog=mo,most excellent,5,0,1.2025.350,2025-12-29 09:17:27,,,1.2025.350
0a2448e2-7104-4a55-8edb-9ef4bd80435a,Rachel Moore,https://play-lh.googleusercontent.com/a-/ALV-UjWsQdEThSwGks3TIAgSSMdouKVEhwgO6Zc7D17-Zvz2QRZju-J_,"‚ö†Ô∏è I'm a paying power user. Chat's lies cost me 100+ hours of lost work between creating it & having to go back through every thread line by line to retrieve it. It lied about having saved it, tried to gaslight me when I called it out with screenshots proving it lied & it just doubled down on lying & gaslighting. Don't trust it! Just last night, after months of use, it started cussing! I've never cussed & had given it my worldview which is Bible-based. It did it twice in one night. BEWARE! ‚ö†Ô∏è",1,0,1.2025.350,2025-12-29 09:17:25,,,1.2025.350
b0e0befc-6b96-4e74-bca0-7601b531bd6f,Pinky Pandey,https://play-lh.googleusercontent.com/a/ACg8ocIesZrUkNf5c8YlwASL8IJXtdBeKGl05jWiXDtzcLhxWgMDqQ=mo,its really good,5,0,1.2025.350,2025-12-29 09:16:57,,,1.2025.350
9a9c1318-259c-4cc0-ab48-3048c08bd407,phyo ly,https://play-lh.googleusercontent.com/a-/ALV-UjVdcypZ8hq3FLOQriQPHgf0gJ6cm0A4tzK4hTfkOkQDMwaiNHo,I like it üòä,5,0,1.2025.350,2025-12-29 09:16:04,,,1.2025.350
b5e31c26-404b-475d-be5c-13775a6c3c45,Balaji Gawali,https://play-lh.googleusercontent.com/a-/ALV-UjUwXdHN8_MQdsDi3YInIPb6GrkuaJFUm9z7XebKx65wr2whsqGT,very good,5,0,1.2025.350,2025-12-29 09:15:55,,,1.2025.350
c2b02978-6a2e-491a-9b84-754f00f3dc80,Ramu Karri,https://play-lh.googleusercontent.com/a-/ALV-UjXONb7PaMZgUwGqynt04x5EcZCSCK_TzMLrdKmeE_GeOcDNRTDA,"thank you lot,",5,0,1.2025.350,2025-12-29 09:15:50,,,1.2025.350
b5f2a127-6d06-453a-8c96-261ab69cf339,Grace Owa,https://play-lh.googleusercontent.com/a/ACg8ocJFa0V2t9WpDo4iGmknmrkvtMY2AfnpJkoqmXLTMV8mp6fy6A=mo,it is the best,5,0,1.2025.350,2025-12-29 09:15:26,,,1.2025.350
fcd6f65f-c72b-4695-bf69-13b9853bfbe8,Mandla Mkhonza,https://play-lh.googleusercontent.com/a/ACg8ocLZe-pWtJ4vjHOn2dwN9jhinsOxh0i10OFMzBs9t8fcklMZBg=mo,it's a nice app,5,0,1.2025.350,2025-12-29 09:15:07,,,1.2025.350
4205df77-e830-4d34-b3f1-f250912821c7,Sanskar Gupta,https://play-lh.googleusercontent.com/a/ACg8ocL6e1eoPpqEMvvS2ad7Lm49h-JrBhTHzHrfIGpnu3Wj2VmBbg=mo,verry good,5,0,1.2025.350,2025-12-29 09:15:05,,,1.2025.350
ffd77d7f-2077-47ee-8944-f8369ad46e41,Beatrice Imhomoh,https://play-lh.googleusercontent.com/a/ACg8ocJyasx8_UgixJfESw-DiUwlHskv41WnHf5fYQJXaiJ45fDcgg=mo,it's so good using this app,4,0,1.2025.350,2025-12-29 09:15:01,,,1.2025.350
ca6f0ba4-3035-4884-8a9a-4cad9352e9f6,Mercy Mushota,https://play-lh.googleusercontent.com/a/ACg8ocJBgIsF_M_kXdtbF3jU1Y_ejzsLmrJbVs93FDrk5oe4fDVDrg=mo,Good,3,0,1.2025.350,2025-12-29 09:13:58,,,1.2025.350
2590d850-7cf5-417f-883d-055754c50ac8,Saleem Raza,https://play-lh.googleusercontent.com/a-/ALV-UjWmMkpa8JBLjp16iXdybu_DSunGduIhg9jDJtt8m5kbl73rJsE,my best guideness,5,0,1.2025.329,2025-12-29 09:13:46,,,1.2025.329
376c14f9-f843-4ba6-8fff-568e6b050a37,javed hasan,https://play-lh.googleusercontent.com/a/ACg8ocLj3nBuEoZU91sRefGb-G5fGN40cpyAj71kJOuuDwDdh-ByMA=mo,goog,5,0,1.2025.350,2025-12-29 09:13:23,,,1.2025.350
23a98f64-7cdc-4365-a18b-6c6052a96458,M Ramakrishna,https://play-lh.googleusercontent.com/a/ACg8ocKPYn1OK18PYm3cWwwjIN3St6N2UlLheXceGUJR1airYuq7vg=mo,best app,5,0,1.2025.350,2025-12-29 09:13:05,,,1.2025.350
6e2d0d69-cab0-458d-85aa-8de4fa7189ee,Atanu Nag,https://play-lh.googleusercontent.com/a-/ALV-UjV5oM4jAX4klukAy2lNf2jKcEG1My1AQda1Ofp6FBNwyS9c_GvE,nice app,5,0,1.2025.350,2025-12-29 09:12:59,,,1.2025.350
79daf873-8999-4924-aa14-7bd9f64fe7dd,SANTUNU BAPARI,https://play-lh.googleusercontent.com/a-/ALV-UjUB6BlYsGj2i558oqTN2OtcT_aUvo0czra1_kWYbvJHj5rj8609,it's very crazy i love that it's like a my personal friend üòç I'm so happy to use this app,5,0,1.2025.350,2025-12-29 09:12:52,,,1.2025.350
590553fd-eaba-4bef-8948-cdc6eeb10cdd,Abdilrahim Hussein Jama,https://play-lh.googleusercontent.com/a/ACg8ocKiDZUeECZGaQR30tUvU3cytVv4aSTjEJ9__Jmt9Wn-PRPaOQ=mo,good,5,0,1.2025.350,2025-12-29 09:12:31,,,1.2025.350
c6d11cd2-ee57-475f-95a9-71a96de46ac6,Rb Punjabi,https://play-lh.googleusercontent.com/a-/ALV-UjWKNZ6ddXuge-NbGTrXcKEQ2WIQWF_mWqIP12a5aqusSqHxQMs,best app,4,0,1.2025.350,2025-12-29 09:12:24,,,1.2025.350
eb35cfe2-951f-40d4-a2b3-667c7cb2157f,‡¶∏‡ßÅ‡¶Æ‡¶ø‡¶§ ‡¶Æ‡¶ø‡¶§‡ßç‡¶∞,https://play-lh.googleusercontent.com/a-/ALV-UjUCs1Vjb73Btj5jbV7cltd2S9NwmkXxJwD3FZYwCKiRd4Y9U0BO,Left-wing political motivate,1,0,1.2025.350,2025-12-29 09:11:51,,,1.2025.350
f676427c-800f-46ff-b948-e22d2a5e114b,Asha Kumbhar,https://play-lh.googleusercontent.com/a/ACg8ocL4iM78cWpX8zH622Ysa0zoBx9HZrY9YUKdJ_aM6gwg7djgsw=mo,it is very useful It is dangerous also for humans .,4,0,,2025-12-29 09:11:29,,,
b6ae8b1b-e040-4936-aab7-140d8bb55e15,Muslim Tiger,https://play-lh.googleusercontent.com/a/ACg8ocLIBog9IIjR7pA6EPpFbP7w8WnKCM-nUIFgw4pwGE_LyiDLpw=mo,ok,4,0,1.2025.343,2025-12-29 09:11:23,,,1.2025.343
1356396b-0574-452f-8d09-a3e63f7c7f31,Chahat Maya,https://play-lh.googleusercontent.com/a/ACg8ocKCJd-HlRaWwuElZv0eFLuoRjIgXIekny0onqkke1SFHwA9gQ=mo,good,3,0,1.2025.350,2025-12-29 09:10:55,,,1.2025.350
77e93fa7-c2e5-48f0-a011-95aeaab8597a,Yash Kadwane,https://play-lh.googleusercontent.com/a/ACg8ocIEso_L2J3aYeRpEkbU4SCJo2CD5AC5DpVTetdxO4azKNe0Mg=mo,very good response,5,0,1.2025.350,2025-12-29 09:10:24,,,1.2025.350
9f6e3a1a-a4ef-40df-a6c4-45d35aea7931,Suhail Reyaz,https://play-lh.googleusercontent.com/a-/ALV-UjWzEE1Iov4_ofG9v7Pke0Isq_ck_cm4YAEN2aSeb35pd152r3Zn,I don't have words to say,5,0,1.2025.329,2025-12-29 09:10:21,,,1.2025.329
c137ef65-6d6f-490e-8ee6-d531477bb647,Gurdarshan Singh,https://play-lh.googleusercontent.com/a/ACg8ocLzccdT_m3abQ7GVO-sFzAxfHcIAhrbKx1HK_qNSNSOGrkgZw=mo,worst!!,1,0,,2025-12-29 09:10:19,,,
01d0f37f-7774-40db-87ef-a9de780ca75a,WAQAR ALI,https://play-lh.googleusercontent.com/a/ACg8ocId0bpo7EEQE1SOqM5YzOz4oH9D3TSd1DG3ZQa87SpppyzUV0c=mo,awesome,5,0,1.2025.343,2025-12-29 09:10:10,,,1.2025.343
fd95654b-8fc5-417c-b5a4-466862709dd0,Aakash Sah,https://play-lh.googleusercontent.com/a-/ALV-UjUUX8LACZpvD8FWc8ybslaVdjA3CufpTJO15NzKjppX711k-oVm7g,nice,4,0,,2025-12-29 09:09:36,,,
8e37c5c0-b38a-4603-b667-230724b7083a,Amar Bishnoi,https://play-lh.googleusercontent.com/a/ACg8ocLZSB617H2uQfKzeek02aaVRzGojFmSIHxNymXFpD27uHkRRw=mo,i,5,0,1.2025.350,2025-12-29 09:09:11,,,1.2025.350
6b44edb2-31d9-4350-a2c0-41a5e8d40b61,Kevyn Munyukwa,https://play-lh.googleusercontent.com/a/ACg8ocKv8ED3diaSbbW_a5kUSU4CtERYNJjcEKeR7YUROY1k27Iu9A=mo,its good tho can't judge,5,0,1.2025.350,2025-12-29 09:08:45,,,1.2025.350
1b655a5f-5d8e-4e2a-b38a-aed145e856e8,Sohill Ahmadi,https://play-lh.googleusercontent.com/a-/ALV-UjVxl5kZiMnNc1cIyRIVlQ8ac-cUynVBkwPHk3YErdvPoYwV0i51,good,5,0,1.2025.350,2025-12-29 09:08:29,,,1.2025.350
a04419b4-bb24-4cc0-8d16-c07dab72926f,Veerbahadur Pasat,https://play-lh.googleusercontent.com/a-/ALV-UjUWyWy-XgSAeWViC-Dvo1WciH8VipJFTF4NrBi8tKi_Bu5ehUtM,best app,5,0,1.2025.350,2025-12-29 09:08:23,,,1.2025.350
42203656-01d3-4b3b-baac-77760e1fddff,Sonali Shinde,https://play-lh.googleusercontent.com/a/ACg8ocKF6mTqxWW1vKkgsxBONBH0IR_mSToIAv9oBy9TOIwRhhwVbA=mo,This app is very good in helping its user.,5,0,1.2025.350,2025-12-29 09:08:14,,,1.2025.350
ff2456fd-ea6b-4d7e-a921-5f4500aba587,The SONU,https://play-lh.googleusercontent.com/a-/ALV-UjUsvx0qxH314rciMklIEnRFR6TS3PLqo_vpO7nRhsA2Mag1uE8V,Best App,5,0,1.2025.350,2025-12-29 09:07:38,,,1.2025.350
7e1ae76d-4507-48ea-a91f-4b0f753caf82,Wolde.gtnsae Egnet,https://play-lh.googleusercontent.com/a/ACg8ocJZm1mutb1o6qr3QfSWbXa-6sLPSRW2DTh2rWKWsDHHH5uhMw=mo,It's cool,5,0,1.2025.350,2025-12-29 09:06:49,,,1.2025.350
b6c0206f-940e-49b4-ba6d-f35329151e3a,Adwinson Rongpi,https://play-lh.googleusercontent.com/a-/ALV-UjWjjSLuNHFReWL-FNZFCz7f1oMUEr_avwBLKl2z2CyuvB5LDTUT,interesting,1,0,1.2025.336,2025-12-29 09:06:24,,,1.2025.336
47336409-918f-4270-89f1-26edf9a2e476,Salman Aryan,https://play-lh.googleusercontent.com/a-/ALV-UjWVIIu5-MfJiMwoovfttkVCLOlZW9Kq2MQ4WgT6uASsV51wGb4P,better app,5,0,1.2025.350,2025-12-29 09:06:06,,,1.2025.350
662699ab-0a6b-40f7-8ba4-358f4b67ae2a,Rajeev Ranjan,https://play-lh.googleusercontent.com/a-/ALV-UjWcC94F7mqzbmBh0Z7fn1c2yFCYXWqgIibCwOUZAwSQ6iYSRMzW,good service,5,0,1.2025.350,2025-12-29 09:05:31,,,1.2025.350
be8eb82e-2450-459a-b717-6372dc7cf352,fatemeh zp,https://play-lh.googleusercontent.com/a/ACg8ocI4M7Gd8rnavkhnnDYf1Nl6oNIFLMNS3wzUKx8T6SsNr52IFQ=mo,very good,5,0,1.2025.350,2025-12-29 09:05:18,,,1.2025.350
61cc145d-51a3-40b3-b481-8eb0c06311f7,Mominul Hoque,https://play-lh.googleusercontent.com/a-/ALV-UjU4CgwE3jwlsg0UTLqtkNpPZgCuu-iOgVRG6IpdHX87DDvdq4U,üëç,5,0,1.2025.350,2025-12-29 09:05:07,,,1.2025.350
6781adc1-cc96-44e9-84dd-ecd3412cfdd3,Shivani,https://play-lh.googleusercontent.com/a/ACg8ocKhMAawG0oKcL0v0I5VDvkselIHv28JU1Ri98703PEYxLhvhQ=mo,doesn't give proper answer and makes lo4s of mistake,1,0,1.2025.350,2025-12-29 09:04:47,,,1.2025.350
0d8420a0-8dc1-49e7-950a-a7422a24f258,Anjali Mishra,https://play-lh.googleusercontent.com/a/ACg8ocJ7kjbUTl8XZfphdTNxg2OVZEpu2Ql24v92KTjxpYxo7VSh1A=mo,very good,5,0,,2025-12-29 09:04:16,,,
49977bf9-344e-4983-91a0-94ab5fb87768,Rupa Saud,https://play-lh.googleusercontent.com/a/ACg8ocLxwUGRlIQi4pnPXMBrlkIK0uwg4kt9rIg3OqY5p_6fZU0NqrU=mo,wow this is o some,3,0,1.2025.329,2025-12-29 09:03:54,,,1.2025.329
c8cb17ce-87d7-46eb-9c52-7d21f87e911b,Ajmaul SK,https://play-lh.googleusercontent.com/a/ACg8ocLJzYQwDeP0JTpKz3Ut6vHytY-ykdeWwVFmbfozuoM2PDX7AA=mo,Ajmaul. sl,5,0,1.2025.350,2025-12-29 09:03:50,,,1.2025.350
5d9cc9c0-832a-41b9-a225-ce4d981ac1d3,Baljinder singh,https://play-lh.googleusercontent.com/a/ACg8ocIz_tuHW-VVbxsA14WvLRvkfna8zJBaFGl4SIi5dSBYjvnB3w=mo,good app,5,0,1.2025.350,2025-12-29 09:03:31,,,1.2025.350
1aef3568-addf-481f-8112-72a9782feae4,Manikandan V,https://play-lh.googleusercontent.com/a-/ALV-UjUsrRRQI2RxfftJbTsjeWSmvyOeKPsrNG-HBmLMbR89tJNq5v-T,super tool,5,0,1.2025.350,2025-12-29 09:02:15,,,1.2025.350
f2471edb-0724-4e89-a692-d057e9593869,bellapu swathi,https://play-lh.googleusercontent.com/a/ACg8ocI_doeUS583EK0LyJHEi4KyZre6Fg-Wph1lobiAl_fA19gzZQ=mo,very fast and accurate which guide me in my interview very useful,5,0,1.2025.350,2025-12-29 09:01:58,,,1.2025.350
07c65f6f-8eeb-4718-b5d8-cee5e14e94e9,Manauar Ali,https://play-lh.googleusercontent.com/a-/ALV-UjUndXP4uDT_Lf2QONtPi5ne34AIw2r6nzvgZ4qAZHa3-etzjPG_,good,4,0,1.2025.350,2025-12-29 09:01:52,,,1.2025.350
0868bace-bdb2-43e1-9782-ca46676f9b95,Suraj Singh dancer Tiger,https://play-lh.googleusercontent.com/a-/ALV-UjXKt0R4FSzPErveaWHjAubQjce1_4_-jDiq871jhKZ7ML01GOHP,good,1,0,1.2025.350,2025-12-29 09:01:17,,,1.2025.350
c94798f0-71e6-45dc-b25d-45e8d19c39b8,Krishna Kumar,https://play-lh.googleusercontent.com/a-/ALV-UjVG5dT-lFcgZ83lN--iX4fffjO7CCk_3GFiOWxuXrswVyn6yTs,good work,5,0,1.2025.343,2025-12-29 09:01:16,,,1.2025.343
b9295e26-444d-4507-b6f9-87b2b07a70e6,Gemedi,https://play-lh.googleusercontent.com/a/ACg8ocJ1fANa9trCHM_k2-vvaWho89gxwyO6MLGrovQyk0kN37F1xw=mo,hello,4,0,,2025-12-29 09:01:03,,,
197e0e43-4e8a-4dad-aeb2-5c7296a80635,mahendra sisodiya,https://play-lh.googleusercontent.com/a/ACg8ocLoO8x9YSvBDFTTJ2rtUstQd6DEA2QLC77_wG5tTK_is28q1Q=mo,good,5,0,1.2025.343,2025-12-29 09:00:56,,,1.2025.343
7760bc82-6ccd-487c-866a-a921fbf91e90,Kormo Moah,https://play-lh.googleusercontent.com/a-/ALV-UjVo3Ee_nJeaccayCWVAw2sEFWI-mJ9iGz35Zi3jFKKsGk4m_a-v,veery good,5,0,1.2025.350,2025-12-29 09:00:14,,,1.2025.350
b28216f3-cfb5-488c-848f-622ac3abd751,Aaditya Narayan Pandey,https://play-lh.googleusercontent.com/a/ACg8ocKUZIopkmgvIXGfyiHgB2l5ZXRUuT2A8v64VRPsDwFC0dpOww=mo,excellent,4,0,1.2025.350,2025-12-29 09:00:02,,,1.2025.350
e20adb49-3a45-407e-bf51-7c98f4d46073,Gulali Afghan,https://play-lh.googleusercontent.com/a-/ALV-UjVv9z2D1f4F7YE0ELK9ZXjlEuOa9NLpx8wz_09opeX3qNYd4prw,saidumar,5,0,,2025-12-29 08:59:24,,,
5fd75efd-a7fa-49af-a977-0edf13ed7cc4,Mylappa M,https://play-lh.googleusercontent.com/a/ACg8ocJ8MA3N6OHVpRb8OsrmBFDzKd34v3DeEuyZCe35VV-noOitjw=mo,super duper,5,0,1.2025.336,2025-12-29 08:59:00,,,1.2025.336
97befc90-8e85-4852-a148-143601c4898e,Akanksha Akanksha,https://play-lh.googleusercontent.com/a/ACg8ocKA-U12BVdA8IFs-jsotxE7qIrZwaG05fvLj-3Sta3Du1WMBg=mo,it is very good aap,5,0,1.2025.350,2025-12-29 08:58:18,,,1.2025.350
4617782c-ede0-4eec-80cc-9328038c2516,Ishabgh,https://play-lh.googleusercontent.com/a-/ALV-UjUqvixApywDqLvH3LqZCnphw-eiPC4ysz--o8HH_GJtHuSaPYA,it helpful and super easy to use,5,0,1.2025.350,2025-12-29 08:58:17,,,1.2025.350
0eafe7aa-ddd6-4d68-b027-4504fa8e0981,Umer kahut,https://play-lh.googleusercontent.com/a-/ALV-UjWgJCQ6EjZVOFnhc5vOrptGdOAW6lVrITrbUpB56Zac43NoKQp1,excellent,5,0,1.2025.350,2025-12-29 08:57:22,,,1.2025.350
f727a17e-2ca0-4cb9-92c8-d4a62cf3caaa,chandra prakash,https://play-lh.googleusercontent.com/a/ACg8ocIHnGanIbfoT7S25sUJdkVYbFgD-dlNmm3KLKQxpsPT214wUg=mo,great for studies. 4.9 from my side.,5,0,1.2025.350,2025-12-29 08:57:13,,,1.2025.350
ccd8be37-758c-4c1f-9e18-1c10f0dc35b5,Surekha Basavaraj,https://play-lh.googleusercontent.com/a/ACg8ocIj0lCxLMS741LN9S_4qs5KPGFx-LWrHpdBW11MNN-5xV0UNg=mo,good,4,0,1.2025.336,2025-12-29 08:57:07,,,1.2025.336
3ffb9a73-d095-4191-a112-c8a3d6fd6b9f,Jebin Farsana,https://play-lh.googleusercontent.com/a-/ALV-UjUQ-QBu5zHGl5p9xgkwVd4iV0FObpvPWtzvYeeh0hIPCnldNeuS,very good/amazing,5,0,1.2025.350,2025-12-29 08:56:47,,,1.2025.350
f798eeb2-980d-4266-9787-f02dc8bad288,‡§™‡•É‡§•‡•ç‡§µ‡•Ä‡§∞‡§æ‡§ú ‡§∏‡§ø‡§Ç‡§π,https://play-lh.googleusercontent.com/a-/ALV-UjWOAoXnRHa3PI3BB7D7Pc7QOf7CpvcpttxnjLrUMaTRUeXlAFHR,"Horrible experience. This has to be the worst AI chatbot out there. Gaslights you and feeds you wrong information continuously. Also when questioned about the authenticity of its wrong info, it keeps it stance the same. You have to manually check many times for the correct information. Wouldn't recommend to anyone.",1,0,,2025-12-29 08:56:32,,,
41f0fd6c-633c-4617-ace9-cce4355fd589,Sneha Ram-56,https://play-lh.googleusercontent.com/a/ACg8ocL4AkFiYyt7DEObOEppHVcGlxAqPkADkcAKkKmE1d3g02bePw=mo,very nice üëç I am happy ‚ò∫Ô∏è,5,0,1.2025.350,2025-12-29 08:56:28,,,1.2025.350
9377a3b1-383f-425c-848c-0cbc91af4f2e,Ujan Maity,https://play-lh.googleusercontent.com/a-/ALV-UjW_znLyue_B4lumoHz8LL_cxdW8hyT-_AUQ2v4l4GZjE842U-k,good,5,0,1.2025.329,2025-12-29 08:56:18,,,1.2025.329
a0ebc649-414c-457f-9e5e-77e292745697,Md Faijan,https://play-lh.googleusercontent.com/a/ACg8ocLiPcReKJXVJ-AlFSeHUsUjv-cfceVF0iPL2njFR-eW8E5MMg=mo,this is too goodüëç,5,0,1.2025.350,2025-12-29 08:55:18,,,1.2025.350
fbfeeb40-9128-4c92-ba46-e31a577eaca2,Jyoti Singh,https://play-lh.googleusercontent.com/a/ACg8ocK2zmKGs8Mb-87hQIvVOHSKfYy2wP6GjmD3QOt3FGH-UZNPGQ=mo,friends forever hai,5,0,1.2025.350,2025-12-29 08:55:15,,,1.2025.350
e61082f8-0dfd-4380-9d64-453c037f9683,Ansh Kumar,https://play-lh.googleusercontent.com/a/ACg8ocJXGOVVT3Or9jC-1WOJINZGWGFaatqI6bB922PauQlDK2KE6Q=mo,best,5,0,1.2025.350,2025-12-29 08:55:08,,,1.2025.350
17819b99-3be9-4e33-a727-efcaa08c4811,Sagar Hossain,https://play-lh.googleusercontent.com/a-/ALV-UjXP_l86umKi49Fl9gSsxYCysSCFge67xTPk2goFD8U3woqdQw-R,üëåüëå,5,0,1.2025.350,2025-12-29 08:55:07,,,1.2025.350
8c06cb32-5a08-4962-bf70-3484b13b8151,Najib husen,https://play-lh.googleusercontent.com/a-/ALV-UjUF03fufeauLtvddy4FGPTpbwXb8yoX-LJKk4cmCTdKhyYkZmM,i love this aop,5,0,1.2025.336,2025-12-29 08:55:07,,,1.2025.336
c620eb56-0a3f-4c83-bf65-1ec75a54d4f9,Naman Kharb,https://play-lh.googleusercontent.com/a/ACg8ocJzh5BgEsjbXNLBX1V94K-bYl3N5kyXduIcqWqaYMXaeTjq6Q=mo,good,5,0,1.2025.350,2025-12-29 08:54:44,,,1.2025.350
4d3a0249-d4fc-42da-a114-1b6034a0e38d,khadiza Islam,https://play-lh.googleusercontent.com/a-/ALV-UjWl2KCu3QvahqRlpxdupvMUjNMYdOimjSNV_SOKPaMYAbILXHE,‡¶ñ‡ßÅ‡¶¨ ‡¶≠‡¶æ‡¶≤‡ßã ‡¶∏‡¶æ‡¶á‡¶ü,4,0,1.2025.350,2025-12-29 08:54:31,,,1.2025.350
135300e7-e51e-4e03-9c8d-9d058113d2a0,Phillimon Chimiti,https://play-lh.googleusercontent.com/a-/ALV-UjVItOtZKEvLk5824rxvxnu--7HE7IwvrONPUX720HK1D45UPws,Absolutely amazing app,5,0,,2025-12-29 08:54:05,,,
397267d2-f3ce-43ae-9c95-4acdc0f5cd6a,Aj electronics and mobile Rapairing,https://play-lh.googleusercontent.com/a-/ALV-UjUfaTN_dAVBWWbi2PtLbDuA4UdxIT96wuRTE7fjC-WMB2wNFjVs,awesome,5,0,1.2025.350,2025-12-29 08:54:05,,,1.2025.350
50caf411-a939-49a3-9095-355d0b6dc314,Baljeet Batth,https://play-lh.googleusercontent.com/a/ACg8ocINPOQnlLsxF3JcZchBV1c3znoN9nn1R_4-1W21eeU2WCui5g=mo,"this app is very helpful.and we can solve all problems,they gave Best motivation",5,0,1.2025.350,2025-12-29 08:53:30,,,1.2025.350
90b696be-e1c9-4327-a958-f46255110bfd,1458 shardul puranik Puranik,https://play-lh.googleusercontent.com/a-/ALV-UjXChqQb2KkXQeQNnPO88XDMRfW-EYrc38wEH5IOvNiOl5Jf58f-,some times it give wrong information when it is needed,3,0,,2025-12-29 08:53:13,,,
00a09649-9be3-43bd-9712-0d242fd462b0,Zainab Ahmadyar,https://play-lh.googleusercontent.com/a/ACg8ocLVWw--zat4dV9k8vmO8HT_fxsIgl9m0GGMNIAZvxbKRKOYlQ=mo,excellent I am satisfied,4,0,1.2025.350,2025-12-29 08:52:53,,,1.2025.350
bbdae6b8-177d-433a-aa9d-a7d77fad41b7,Bandi Kanakamahalaxmi,https://play-lh.googleusercontent.com/a/ACg8ocIYMyypRc-BKQMxFJnBzOgBYmrBS5ISDVDtGTbQsxoqglRlkw=mo,good,5,0,1.2025.350,2025-12-29 08:52:35,,,1.2025.350
aee57d8e-27dc-49e2-a97f-f557e15c7b16,Jeth Abram,https://play-lh.googleusercontent.com/a/ACg8ocK90fV69UU4hUShCAyHxWGS2zNh44oxveQSr2yMGsR56tdyLQ=mo,Good,3,0,1.2025.350,2025-12-29 08:52:20,,,1.2025.350
e19d6b4e-33e1-4326-a9d3-4e59290753a3,Pinku Ranjan Debnath,https://play-lh.googleusercontent.com/a-/ALV-UjWE3IacsRDLQBXLdron19e3IIaWhytG6uWk694yuwyuyctnMkMT,excellent,5,0,1.2025.350,2025-12-29 08:52:15,,,1.2025.350
c777b0c1-8ade-4ccc-87cd-28e2bee6251e,Samir Relan,https://play-lh.googleusercontent.com/a/ACg8ocKgRpM-UoIcvOHsBTFzmFdsDLza_ASWOVcmkwhePGOYKkM1Jg=mo,üòé,5,0,1.2025.238,2025-12-29 08:51:25,,,1.2025.238
5058a2d6-a098-4ec0-bc95-5b8c0c649791,Az mariam Doaa,https://play-lh.googleusercontent.com/a/ACg8ocIm5XtgtFkN_pt4UNAjjbL0LNi4k9ztC4LN34D0qALUbNgniQ=mo,ÿ¨ŸÖŸäŸÑ ÿ¨ÿØÿß,5,0,1.2025.350,2025-12-29 08:50:45,,,1.2025.350
92ec5d27-945d-4085-83f5-9374feb501a2,Anita Basra,https://play-lh.googleusercontent.com/a/ACg8ocJ2aUGTiBuGPLwOTv91Sc2NQjHxdMEc3Y40aBi9NPwkvBEW7UWq=mo,good chatgpt,5,0,1.2025.350,2025-12-29 08:50:44,,,1.2025.350
97272052-c40c-443f-9dde-36f31db58c04,Dinesh Raghuwanshi,https://play-lh.googleusercontent.com/a-/ALV-UjUWGnBBBnfQzkwzlhOclnZ2Sp2zHyT45POE5H6Ep6yQdVmP5YMe,charge GPT is a good AI no doubt but it is back in few fields I have used more than 43 AI apps out of them I will list chat GPT on number 2 because it is back from Gemini in image generation and live talking because in free limit when we talk with it live then it very soon reaches its limit but you can continuously talk to Gemini more than 3 hours an image generation of Gemini in free version is also very good üòä every time you send chat GPT your image it make animated image Gemini real face,4,0,1.2025.350,2025-12-29 08:50:17,,,1.2025.350
